id_actividad,titulo,descripcion,fecha_publicacion,fecha_entrega,valor,id_clase
1,"Seal, northern elephant",Quisque ut erat.,2021-12-20 19:29:30,2021-07-11 01:00:44,1,45
2,Grey phalarope,Quisque ut erat.,2022-02-28 20:37:15,2021-07-09 21:20:42,2,60
3,Swallow-tail gull,Etiam pretium iaculis justo.,2021-06-25 13:26:35,2021-09-30 19:44:20,3,11
4,White-throated kingfisher,Integer tincidunt ante vel ipsum.,2022-03-20 12:19:45,2022-01-04 19:27:31,4,37
5,"Coot, red-knobbed",Pellentesque eget nunc.,2021-07-17 03:32:20,2021-09-23 14:27:12,5,86
6,"Kangaroo, jungle",Praesent id massa id nisl venenatis lacinia.,2021-08-26 12:06:48,2021-12-28 02:31:23,6,27
7,"Duiker, gray",Quisque id justo sit amet sapien dignissim vestibulum.,2021-12-23 03:53:27,2021-05-28 07:33:06,7,1
8,Antelope ground squirrel,Mauris lacinia sapien quis libero.,2022-04-12 10:43:26,2022-03-19 23:30:36,8,14
9,Euro wallaby,Donec dapibus.,2021-06-06 06:37:53,2021-05-10 22:06:40,9,64
10,Galapagos hawk,Proin risus.,2021-11-09 21:30:03,2021-11-24 08:38:25,10,74
11,Andean goose,Maecenas ut massa quis augue luctus tincidunt.,2021-04-21 01:16:24,2022-01-14 14:32:19,11,43
12,Eastern grey kangaroo,Fusce posuere felis sed lacus.,2022-03-16 12:17:08,2021-06-05 23:30:39,12,31
13,"Mockingbird, galapagos","Fusce congue, diam id ornare imperdiet, sapien urna pretium nisl, ut volutpat sapien arcu sed augue.",2022-02-05 22:16:41,2021-11-01 03:40:56,13,8
14,"Dragonfly, russian",Aenean sit amet justo.,2021-05-22 21:03:19,2021-08-27 10:29:42,14,97
15,"Hen, sage",Pellentesque ultrices mattis odio.,2022-03-01 17:53:43,2022-01-16 13:40:36,15,6
16,Red-necked wallaby,"Vivamus metus arcu, adipiscing molestie, hendrerit at, vulputate vitae, nisl.",2022-02-27 23:32:06,2021-09-21 14:06:38,16,99
17,"Fox, asian red","Maecenas leo odio, condimentum id, luctus nec, molestie sed, justo.",2021-10-18 16:41:13,2022-01-06 05:04:42,17,13
18,"Tern, white-winged",Vestibulum sed magna at nunc commodo placerat.,2022-02-03 03:49:43,2021-07-23 12:12:42,18,42
19,Oriental white-backed vulture,Maecenas rhoncus aliquam lacus.,2021-12-28 23:12:24,2021-08-14 07:14:10,19,76
20,"Squirrel, pine",Nunc nisl.,2021-09-29 05:15:01,2021-12-31 21:01:03,20,47
21,Little grebe,Vestibulum ante ipsum primis in faucibus orci luctus et ultrices posuere cubilia Curae; Nulla dapibus dolor vel est.,2021-05-12 12:01:09,2021-09-27 19:04:27,21,21
22,"Ass, asiatic wild",Nunc purus.,2021-12-14 06:19:35,2021-05-28 19:26:56,22,71
23,"Cormorant, little",Aenean sit amet justo.,2021-10-11 11:46:14,2022-02-24 21:55:56,23,83
24,Purple moorhen,"Vestibulum ante ipsum primis in faucibus orci luctus et ultrices posuere cubilia Curae; Donec pharetra, magna vestibulum aliquet ultrices, erat tortor sollicitudin mi, sit amet lobortis sapien sapien non mi.",2021-07-30 15:05:04,2021-09-14 06:23:49,24,30
25,Chimpanzee,Fusce posuere felis sed lacus.,2022-03-21 23:27:58,2021-08-18 05:49:46,25,77
26,"Alligator, mississippi",In hac habitasse platea dictumst.,2021-05-06 18:37:31,2021-08-10 09:00:14,26,93
27,"Mongoose, javan gold-spotted",Curabitur at ipsum ac tellus semper interdum.,2021-09-19 03:39:52,2021-08-16 20:22:36,27,73
28,Little heron,Maecenas rhoncus aliquam lacus.,2021-10-10 14:55:13,2021-06-13 04:08:33,28,40
29,"Tapir, brazilian","Maecenas tristique, est et tempus semper, est quam pharetra magna, ac consequat metus sapien ut nunc.",2021-08-17 14:51:41,2021-11-15 07:17:35,29,61
30,Plains zebra,"Morbi vestibulum, velit id pretium iaculis, diam erat fermentum justo, nec condimentum neque sapien placerat ante.",2021-09-02 08:23:32,2021-10-23 20:54:54,30,89
31,"Curlew, black",Curabitur in libero ut massa volutpat convallis.,2022-03-11 17:48:57,2021-12-28 16:43:38,31,91
32,"Heron, little",Donec semper sapien a libero.,2022-04-18 14:11:51,2022-01-06 08:33:47,32,80
33,African red-eyed bulbul,Pellentesque at nulla.,2021-06-07 08:38:41,2021-08-03 22:56:30,33,9
34,"Lemming, arctic","Lorem ipsum dolor sit amet, consectetuer adipiscing elit.",2021-05-21 09:47:52,2021-08-17 03:35:34,34,26
35,"Shelduck, common","Vivamus metus arcu, adipiscing molestie, hendrerit at, vulputate vitae, nisl.",2021-07-02 21:21:29,2022-03-14 02:41:28,35,7
36,Madagascar fruit bat,"Donec diam neque, vestibulum eget, vulputate ut, ultrices vel, augue.",2021-12-22 14:02:34,2021-09-12 16:08:49,36,68
37,"Boa, emerald green tree",Mauris sit amet eros.,2021-07-07 12:40:56,2021-08-22 13:33:00,37,57
38,Black-collared barbet,Pellentesque viverra pede ac diam.,2021-09-04 16:09:06,2021-06-16 00:04:17,38,53
39,"Shrew, mandras tree",Suspendisse accumsan tortor quis turpis.,2022-04-12 20:27:06,2021-09-26 22:11:29,39,44
40,Frilled dragon,"Maecenas leo odio, condimentum id, luctus nec, molestie sed, justo.",2021-10-18 13:40:44,2022-04-18 14:16:56,40,35
41,American bison,Phasellus id sapien in sapien iaculis congue.,2021-11-26 18:14:04,2022-03-08 03:42:05,41,88
42,White-tailed deer,Aliquam quis turpis eget elit sodales scelerisque.,2021-10-18 21:35:16,2021-10-15 18:50:14,42,70
43,"Bustard, stanley",Sed vel enim sit amet nunc viverra dapibus.,2021-11-05 08:16:46,2022-02-04 16:04:11,43,12
44,"Fox, grey",In hac habitasse platea dictumst.,2021-09-24 18:08:18,2022-02-23 07:39:39,44,3
45,"Gnu, brindled","Vestibulum quam sapien, varius ut, blandit non, interdum in, ante.",2022-01-18 20:41:29,2021-11-27 20:41:17,45,18
46,"Wallaby, dama",Mauris lacinia sapien quis libero.,2021-09-22 17:01:13,2021-10-15 00:43:18,46,56
47,"Squirrel, african bush",Ut at dolor quis odio consequat varius.,2022-04-13 22:53:22,2021-06-27 08:37:51,47,23
48,Fat-tailed dunnart,Nullam sit amet turpis elementum ligula vehicula consequat.,2021-10-28 20:13:30,2022-02-06 11:42:20,48,62
49,Collared peccary,Nunc purus.,2022-01-14 04:38:37,2021-12-03 20:57:47,49,46
50,Prehensile-tailed porcupine,Quisque id justo sit amet sapien dignissim vestibulum.,2021-09-29 23:43:13,2021-09-16 10:23:03,50,29
51,"Crab, red lava","Nam ultrices, libero non mattis pulvinar, nulla pede ullamcorper augue, a suscipit nulla elit ac nulla.",2022-01-23 08:26:50,2021-11-16 04:51:43,51,10
52,Bennett's wallaby,"Quisque erat eros, viverra eget, congue eget, semper rutrum, nulla.",2021-07-21 20:21:11,2021-06-17 07:58:59,52,75
53,"Seal, harbor",Sed vel enim sit amet nunc viverra dapibus.,2022-02-24 13:05:19,2021-09-18 14:59:08,53,25
54,Australian magpie,Vivamus tortor.,2022-01-15 11:29:30,2021-10-23 11:07:12,54,52
55,"Hen, sage",Nam nulla.,2021-11-17 16:47:07,2021-07-09 03:06:57,55,19
56,Black-tailed prairie dog,Aliquam erat volutpat.,2021-05-28 09:01:03,2021-09-03 16:04:58,56,66
57,Purple moorhen,Suspendisse potenti.,2021-10-24 18:24:25,2022-02-01 08:38:06,57,28
58,"Langur, common","Cras mi pede, malesuada in, imperdiet et, commodo vulputate, justo.",2021-11-01 13:59:10,2021-08-07 01:26:15,58,2
59,"Stork, yellow-billed",Ut tellus.,2021-07-18 14:19:38,2022-01-17 13:47:14,59,96
60,Dusky gull,Fusce consequat.,2021-08-26 12:24:49,2021-10-28 23:07:16,60,15
61,"Chickadee, black-capped",Pellentesque at nulla.,2021-07-25 20:33:11,2021-06-12 15:48:27,61,33
62,"Swan, black",In hac habitasse platea dictumst.,2021-12-05 14:55:21,2021-08-12 10:22:16,62,63
63,"Macaque, bonnet",Nam tristique tortor eu pede.,2021-12-10 07:57:21,2022-01-15 08:39:28,63,24
64,Tawny frogmouth,Nullam varius.,2021-12-25 19:08:10,2021-11-29 04:19:51,64,20
65,"Lion, steller sea",Morbi non lectus.,2022-03-07 05:45:11,2022-03-14 14:20:30,65,69
66,Chuckwalla,"Vestibulum quam sapien, varius ut, blandit non, interdum in, ante.",2021-05-06 01:40:32,2021-07-28 08:29:41,66,4
67,Madagascar hawk owl,Curabitur in libero ut massa volutpat convallis.,2021-11-07 08:23:29,2021-06-26 05:10:12,67,48
68,Indian star tortoise,Mauris lacinia sapien quis libero.,2021-09-17 17:22:48,2022-01-14 19:24:35,68,54
69,"Chickadee, black-capped",Nullam sit amet turpis elementum ligula vehicula consequat.,2021-05-04 14:41:33,2021-08-06 18:28:21,69,90
70,Swainson's francolin,Etiam justo.,2021-05-26 08:29:16,2021-08-08 22:50:23,70,79
71,"Penguin, little blue","Nullam orci pede, venenatis non, sodales sed, tincidunt eu, felis.",2022-04-09 12:46:10,2021-04-27 16:15:32,71,38
72,"Macaw, scarlet",Etiam pretium iaculis justo.,2021-05-06 17:33:01,2021-05-28 05:50:08,72,67
73,"Skink, african",Pellentesque ultrices mattis odio.,2021-12-05 11:01:05,2021-12-05 07:30:18,73,59
74,"Lemur, ring-tailed",Vivamus vestibulum sagittis sapien.,2021-05-14 03:23:26,2021-05-20 11:22:11,74,84
75,Common seal,Sed ante.,2021-05-26 19:49:14,2021-11-06 00:34:59,75,55
76,Paradoxure,Nulla mollis molestie lorem.,2021-05-31 09:00:23,2021-06-07 12:39:39,76,51
77,"Tortoise, radiated",Nulla nisl.,2021-10-11 17:31:13,2022-01-11 09:42:32,77,100
78,Koala,Praesent blandit.,2021-11-15 11:52:03,2022-03-17 21:22:28,78,85
79,Klipspringer,Sed sagittis.,2022-03-28 04:57:45,2022-03-27 04:50:37,79,87
80,Australian magpie,Maecenas pulvinar lobortis est.,2022-04-08 19:08:49,2021-06-02 00:52:17,80,58
81,"Pintail, white-cheeked",Fusce posuere felis sed lacus.,2021-09-19 07:37:49,2021-10-11 14:03:34,81,50
82,"Cormorant, great",Donec semper sapien a libero.,2021-08-14 04:31:35,2022-02-07 11:09:33,82,81
83,Sun gazer,Suspendisse ornare consequat lectus.,2021-05-30 04:08:54,2021-10-05 01:03:01,83,94
84,"Goldeneye, barrows",Vivamus vestibulum sagittis sapien.,2022-01-14 04:35:57,2022-03-30 00:48:30,84,72
85,Goliath heron,Donec quis orci eget orci vehicula condimentum.,2021-10-10 19:10:34,2022-02-22 09:19:25,85,82
86,Pine siskin,Aenean sit amet justo.,2021-08-26 13:51:44,2021-06-04 15:08:39,86,98
87,Chestnut weaver,Morbi vel lectus in quam fringilla rhoncus.,2022-02-19 21:23:14,2022-03-12 10:57:01,87,41
88,Raccoon dog,"Fusce lacus purus, aliquet at, feugiat non, pretium quis, lectus.",2021-10-14 19:45:52,2021-09-25 10:21:21,88,65
89,"Peacock, indian",Vestibulum rutrum rutrum neque.,2021-04-29 07:40:32,2021-11-01 23:19:02,89,34
90,"Fowl, helmeted guinea",Aliquam erat volutpat.,2021-08-17 18:33:27,2021-09-13 06:06:02,90,36
91,Eagle owl (unidentified),Nulla nisl.,2022-01-19 00:39:21,2021-09-12 12:05:41,91,92
92,Tammar wallaby,"Donec diam neque, vestibulum eget, vulputate ut, ultrices vel, augue.",2021-05-05 07:07:46,2021-07-19 19:33:14,92,39
93,"Rattlesnake, dusky",Proin eu mi.,2021-06-10 19:41:41,2021-04-20 06:40:16,93,16
94,"Wolf, timber",In hac habitasse platea dictumst.,2022-02-08 06:32:11,2021-07-29 18:20:39,94,32
95,Australian magpie,Donec dapibus.,2021-10-21 18:28:37,2022-04-16 11:55:45,95,22
96,Southern tamandua,"Morbi vestibulum, velit id pretium iaculis, diam erat fermentum justo, nec condimentum neque sapien placerat ante.",2021-08-21 06:38:29,2022-01-18 06:27:42,96,5
97,"Deer, white-tailed",Vestibulum ante ipsum primis in faucibus orci luctus et ultrices posuere cubilia Curae; Duis faucibus accumsan odio.,2022-03-31 08:14:25,2021-11-29 01:14:32,97,17
98,"Dove, white-winged","Nam congue, risus semper porta volutpat, quam pede lobortis ligula, sit amet eleifend pede libero quis orci.",2021-12-24 03:27:21,2022-01-07 14:55:20,98,95
99,"Macaw, blue and yellow","Morbi odio odio, elementum eu, interdum eu, tincidunt in, leo.",2021-12-20 16:07:27,2021-12-06 09:42:33,99,49
100,"Coatimundi, white-nosed","In est risus, auctor sed, tristique in, tempus sit amet, sem.",2022-02-20 02:00:41,2021-08-06 19:06:55,100,67
