fecha_hora,archivo,estado_actividad,puntuacion,id_actividad,id_alumno
08/09/2021,Consequat.avi,mauris non,95,1,1
12/08/2021,Sit.xls,sed tristique in,82,2,2
02/05/2021,Velit.avi,imperdiet et commodo,31,3,3
14/11/2021,InAnte.pdf,morbi a ipsum,23,4,4
19/09/2021,Amet.avi,consequat ut nulla,90,5,5
29/03/2022,VestibulumEget.avi,mauris viverra,19,6,6
30/09/2021,Nibh.mov,elementum ligula,10,7,7
03/08/2021,Justo.mp3,enim in,31,8,8
02/02/2022,MaurisViverraDiam.xls,ornare imperdiet,15,9,9
26/07/2021,LaciniaNisiVenenatis.xls,lacinia sapien quis,52,10,10
01/03/2022,UtMassaVolutpat.txt,ut massa quis,89,11,11
20/10/2021,NullaTempusVivamus.ppt,ultrices posuere,57,12,12
22/04/2021,NullamOrci.mov,dictumst aliquam,65,13,13
12/11/2021,NullaFacilisi.jpeg,eu mi nulla,85,14,14
10/04/2022,EgetTinciduntEget.xls,ac nulla,86,15,15
28/03/2022,Adipiscing.ppt,scelerisque quam,13,16,16
09/12/2021,ElitProinRisus.tiff,nullam porttitor lacus,12,17,17
23/04/2021,QuamAOdio.mp3,ultrices posuere cubilia,61,18,18
04/01/2022,OrciLuctus.ppt,quam turpis,64,19,19
03/08/2021,SitAmet.ppt,a libero nam,53,20,20
19/10/2021,CuraeDonecPharetra.ppt,nonummy maecenas tincidunt,71,21,21
26/01/2022,Sit.tiff,ut volutpat sapien,53,22,22
17/06/2021,Id.xls,ante nulla,32,23,23
28/05/2021,VelitEuEst.pdf,sit amet diam,49,24,24
12/05/2021,Rhoncus.xls,libero nam dui,68,25,25
13/08/2021,InPorttitorPede.mp3,ipsum primis,47,26,26
31/08/2021,DonecPharetra.xls,dui maecenas tristique,74,27,27
03/07/2021,RhoncusDui.avi,in sagittis dui,95,28,28
12/08/2021,SapienDignissim.avi,gravida sem,43,29,29
29/01/2022,CongueVivamusMetus.mp3,non interdum,33,30,30
22/08/2021,ParturientMontes.xls,ut erat,25,31,31
15/11/2021,MassaQuis.ppt,lectus aliquam,55,32,32
26/11/2021,DictumstAliquam.doc,maecenas rhoncus aliquam,81,33,33
12/03/2022,PorttitorPedeJusto.xls,metus arcu adipiscing,44,34,34
28/01/2022,AliquamNon.avi,ipsum integer a,79,35,35
28/04/2021,InterdumMauris.tiff,lobortis ligula sit,70,36,36
29/04/2021,Dapibus.avi,non mattis,63,37,37
11/10/2021,Consequat.xls,consequat dui nec,81,38,38
01/04/2022,NullaElit.xls,ridiculus mus vivamus,71,39,39
18/03/2022,Eget.ppt,ut dolor,99,40,40
28/12/2021,Fusce.mpeg,vel nisl duis,73,41,41
21/02/2022,UtMassa.tiff,turpis integer,36,42,42
11/12/2021,Odio.png,curae nulla dapibus,42,43,43
18/01/2022,UtMassa.mp3,primis in faucibus,46,44,44
21/10/2021,NecNisiVulputate.tiff,tellus semper,59,45,45
11/11/2021,Sit.mp3,malesuada in imperdiet,23,46,46
27/11/2021,AmetConsectetuerAdipiscing.xls,natoque penatibus,54,47,47
06/08/2021,Nisi.ppt,ac neque,50,48,48
07/01/2022,SitAmetEleifend.xls,habitasse platea,86,49,49
29/04/2021,RhoncusAliquetPulvinar.mov,pellentesque volutpat dui,10,50,50
29/06/2021,Imperdiet.avi,sapien dignissim vestibulum,84,51,51
26/05/2021,Eget.xls,consequat ut nulla,34,52,52
19/07/2021,MaurisSit.mp3,enim lorem,43,53,53
16/07/2021,NullaSedAccumsan.pdf,at dolor quis,95,54,54
01/05/2021,TurpisEnim.avi,nulla suspendisse potenti,2,55,55
22/11/2021,Quis.mov,libero convallis eget,64,56,56
01/07/2021,Mus.xls,massa volutpat,63,57,57
17/10/2021,SuspendisseOrnare.txt,tortor quis turpis,87,58,58
19/03/2022,AugueVestibulumRutrum.xls,sodales sed,16,59,59
18/07/2021,VivamusVestibulumSagittis.xls,tincidunt lacus at,37,60,60
18/02/2022,Libero.ppt,etiam pretium iaculis,75,61,61
25/10/2021,SedSagittis.mp3,rutrum rutrum,34,62,62
13/04/2022,Primis.tiff,at velit,77,63,63
26/04/2021,Vulputate.mpeg,lobortis convallis tortor,94,64,64
30/10/2021,AcEst.jpeg,nulla nisl,96,65,65
17/06/2021,VelSemSed.jpeg,curae duis,27,66,66
14/10/2021,PurusPhasellusIn.xls,rhoncus mauris enim,77,67,67
21/08/2021,QuisTurpisEget.gif,sapien varius ut,57,68,68
31/12/2021,VestibulumAnteIpsum.mov,lectus vestibulum,57,69,69
14/11/2021,Consequat.avi,urna ut tellus,34,70,70
04/06/2021,MaecenasTristique.png,aliquam convallis nunc,100,71,71
21/01/2022,Eu.pdf,semper porta volutpat,23,72,72
07/02/2022,VelitNecNisi.xls,praesent lectus vestibulum,27,73,73
01/12/2021,ErosVestibulumAc.jpeg,lorem vitae mattis,34,74,74
08/12/2021,EuMagna.ppt,ante nulla justo,44,75,75
16/09/2021,LeoOdio.ppt,augue vestibulum ante,74,76,76
16/01/2022,EleifendPedeLibero.txt,pede ac diam,30,77,77
10/02/2022,Pretium.avi,leo odio porttitor,60,78,78
02/11/2021,DonecOdio.doc,placerat ante nulla,76,79,79
04/06/2021,IdNullaUltrices.mp3,risus praesent,61,80,80
09/07/2021,Sodales.ppt,in tempus sit,64,81,81
07/04/2022,Fringilla.gif,hac habitasse platea,24,82,82
17/09/2021,Nisl.pdf,dolor sit amet,42,83,83
04/04/2022,DonecDapibus.avi,eget orci,82,84,84
15/09/2021,Platea.ppt,nulla neque,8,85,85
25/11/2021,Est.ppt,vitae ipsum,50,86,86
10/09/2021,MiPede.ppt,imperdiet nullam,72,87,87
14/03/2022,RutrumRutrum.mov,quis tortor id,52,88,88
21/11/2021,Dictumst.xls,amet eros,44,89,89
27/01/2022,Odio.doc,vel enim sit,58,90,90
14/04/2022,Ultrices.xls,augue vestibulum,5,91,91
11/04/2022,VelIpsumPraesent.avi,duis bibendum felis,92,92,92
04/09/2021,SagittisDui.xls,ornare imperdiet sapien,94,93,93
02/02/2022,Laoreet.tiff,integer pede,82,94,94
06/03/2022,VelAugue.pdf,risus dapibus augue,48,95,95
25/03/2022,SitAmet.avi,phasellus in,2,96,96
27/12/2021,AugueVestibulumAnte.avi,sed augue,96,97,97
08/12/2021,Felis.pdf,massa quis,87,98,98
02/09/2021,ImperdietEtCommodo.gif,risus semper,52,99,99
12/06/2021,VestibulumProin.ppt,potenti cras in,21,100,100
