titulo,contenido,fecha_hora,id_actividad,id_publicacion,id_examen
Praesent lectus.,Vivamus tortor.,22/09/2021,1,1,1
Etiam justo.,Maecenas tincidunt lacus at velit.,04/11/2021,2,2,2
Morbi non quam nec dui luctus rutrum.,Curabitur gravida nisi at nibh.,01/01/2022,3,3,3
Cras in purus eu magna vulputate luctus.,Suspendisse potenti.,25/10/2021,4,4,4
In hac habitasse platea dictumst.,Curabitur gravida nisi at nibh.,02/06/2021,5,5,5
Mauris ullamcorper purus sit amet nulla.,Suspendisse potenti.,30/01/2022,6,6,6
Morbi quis tortor id nulla ultrices aliquet.,Curabitur convallis.,28/04/2021,7,7,7
Integer non velit.,Nulla suscipit ligula in lacus.,18/03/2022,8,8,8
Morbi non lectus.,Morbi a ipsum.,27/03/2022,9,9,9
Quisque ut erat.,Proin eu mi.,07/08/2021,10,10,10
Nam nulla.,"Duis bibendum, felis sed interdum venenatis, turpis enim blandit mi, in porttitor pede justo eu massa.",16/08/2021,11,11,11
Nulla tempus.,In quis justo.,19/05/2021,12,12,12
Praesent blandit.,Fusce posuere felis sed lacus.,04/06/2021,13,13,13
Praesent id massa id nisl venenatis lacinia.,In blandit ultrices enim.,13/09/2021,14,14,14
"Quisque erat eros, viverra eget, congue eget, semper rutrum, nulla.",Nullam sit amet turpis elementum ligula vehicula consequat.,06/01/2022,15,15,15
Ut at dolor quis odio consequat varius.,Maecenas rhoncus aliquam lacus.,21/01/2022,16,16,16
"Vivamus metus arcu, adipiscing molestie, hendrerit at, vulputate vitae, nisl.",Nulla justo.,19/03/2022,17,17,17
Pellentesque at nulla.,"Morbi sem mauris, laoreet ut, rhoncus aliquet, pulvinar sed, nisl.",24/01/2022,18,18,18
Donec dapibus.,"Vestibulum quam sapien, varius ut, blandit non, interdum in, ante.",15/12/2021,19,19,19
Morbi a ipsum.,In quis justo.,12/02/2022,20,20,20
In hac habitasse platea dictumst.,"Integer pede justo, lacinia eget, tincidunt eget, tempus vel, pede.",17/10/2021,21,21,21
Vestibulum sed magna at nunc commodo placerat.,In congue.,24/01/2022,22,22,22
Curabitur in libero ut massa volutpat convallis.,In blandit ultrices enim.,23/05/2021,23,23,23
Suspendisse potenti.,In hac habitasse platea dictumst.,29/09/2021,24,24,24
Duis bibendum.,Donec dapibus.,01/09/2021,25,25,25
Nunc purus.,Aenean lectus.,01/11/2021,26,26,26
Sed ante.,Donec semper sapien a libero.,26/05/2021,27,27,27
Aliquam quis turpis eget elit sodales scelerisque.,Duis mattis egestas metus.,25/03/2022,28,28,28
Nulla mollis molestie lorem.,Etiam vel augue.,11/03/2022,29,29,29
In blandit ultrices enim.,Quisque id justo sit amet sapien dignissim vestibulum.,12/01/2022,30,30,30
Aliquam quis turpis eget elit sodales scelerisque.,Donec semper sapien a libero.,20/09/2021,31,31,31
Phasellus sit amet erat.,"Maecenas leo odio, condimentum id, luctus nec, molestie sed, justo.",02/12/2021,32,32,32
"Mauris enim leo, rhoncus sed, vestibulum sit amet, cursus id, turpis.",Quisque id justo sit amet sapien dignissim vestibulum.,24/07/2021,33,33,33
Sed vel enim sit amet nunc viverra dapibus.,Etiam faucibus cursus urna.,28/03/2022,34,34,34
Nulla ac enim.,Nulla tellus.,02/04/2022,35,35,35
"Fusce lacus purus, aliquet at, feugiat non, pretium quis, lectus.","Quisque arcu libero, rutrum ac, lobortis vel, dapibus at, diam.",08/03/2022,36,36,36
Nulla facilisi.,Pellentesque viverra pede ac diam.,24/07/2021,37,37,37
Donec quis orci eget orci vehicula condimentum.,Vestibulum ante ipsum primis in faucibus orci luctus et ultrices posuere cubilia Curae; Mauris viverra diam vitae quam.,16/11/2021,38,38,38
"Nam congue, risus semper porta volutpat, quam pede lobortis ligula, sit amet eleifend pede libero quis orci.",Quisque porta volutpat erat.,07/03/2022,39,39,39
Morbi porttitor lorem id ligula.,Etiam pretium iaculis justo.,17/07/2021,40,40,40
Nulla ac enim.,Nulla facilisi.,30/04/2021,41,41,41
Donec ut mauris eget massa tempor convallis.,Nulla suscipit ligula in lacus.,20/06/2021,42,42,42
Suspendisse potenti.,Duis at velit eu est congue elementum.,09/12/2021,43,43,43
"Mauris enim leo, rhoncus sed, vestibulum sit amet, cursus id, turpis.",Nulla suscipit ligula in lacus.,21/01/2022,44,44,44
Nulla facilisi.,Phasellus sit amet erat.,29/12/2021,45,45,45
Donec ut mauris eget massa tempor convallis.,Pellentesque ultrices mattis odio.,26/12/2021,46,46,46
"Quisque arcu libero, rutrum ac, lobortis vel, dapibus at, diam.","Vivamus metus arcu, adipiscing molestie, hendrerit at, vulputate vitae, nisl.",04/05/2021,47,47,47
Curabitur convallis.,Nunc purus.,19/08/2021,48,48,48
In congue.,Duis aliquam convallis nunc.,05/09/2021,49,49,49
"In est risus, auctor sed, tristique in, tempus sit amet, sem.",Morbi quis tortor id nulla ultrices aliquet.,10/05/2021,50,50,50
Duis at velit eu est congue elementum.,"In tempor, turpis nec euismod scelerisque, quam turpis adipiscing lorem, vitae mattis nibh ligula nec sem.",02/01/2022,51,51,51
Nullam porttitor lacus at turpis.,Mauris lacinia sapien quis libero.,08/06/2021,52,52,52
In hac habitasse platea dictumst.,"Aliquam augue quam, sollicitudin vitae, consectetuer eget, rutrum at, lorem.",13/06/2021,53,53,53
In hac habitasse platea dictumst.,Mauris ullamcorper purus sit amet nulla.,01/09/2021,54,54,54
Duis bibendum.,Etiam faucibus cursus urna.,06/01/2022,55,55,55
Vivamus vestibulum sagittis sapien.,Aliquam sit amet diam in magna bibendum imperdiet.,19/02/2022,56,56,56
"Nam congue, risus semper porta volutpat, quam pede lobortis ligula, sit amet eleifend pede libero quis orci.",Quisque ut erat.,08/05/2021,57,57,57
Etiam justo.,Quisque ut erat.,09/07/2021,58,58,58
Praesent blandit.,Nulla tellus.,25/07/2021,59,59,59
Quisque id justo sit amet sapien dignissim vestibulum.,Suspendisse ornare consequat lectus.,13/09/2021,60,60,60
Maecenas ut massa quis augue luctus tincidunt.,Aenean sit amet justo.,11/01/2022,61,61,61
Proin eu mi.,Aliquam sit amet diam in magna bibendum imperdiet.,26/06/2021,62,62,62
Suspendisse ornare consequat lectus.,Donec posuere metus vitae ipsum.,07/02/2022,63,63,63
Morbi non lectus.,Duis at velit eu est congue elementum.,02/02/2022,64,64,64
Aliquam erat volutpat.,Aliquam quis turpis eget elit sodales scelerisque.,21/01/2022,65,65,65
Nulla facilisi.,Nullam molestie nibh in lectus.,10/10/2021,66,66,66
Nulla nisl.,Nulla tempus.,08/07/2021,67,67,67
"Fusce lacus purus, aliquet at, feugiat non, pretium quis, lectus.",Nullam porttitor lacus at turpis.,30/11/2021,68,68,68
Integer a nibh.,Phasellus sit amet erat.,18/12/2021,69,69,69
In hac habitasse platea dictumst.,"Fusce congue, diam id ornare imperdiet, sapien urna pretium nisl, ut volutpat sapien arcu sed augue.",16/01/2022,70,70,70
Proin interdum mauris non ligula pellentesque ultrices.,Vestibulum ante ipsum primis in faucibus orci luctus et ultrices posuere cubilia Curae; Duis faucibus accumsan odio.,04/05/2021,71,71,71
In hac habitasse platea dictumst.,Pellentesque at nulla.,06/07/2021,72,72,72
Vestibulum rutrum rutrum neque.,Pellentesque at nulla.,15/01/2022,73,73,73
Nunc nisl.,"Fusce lacus purus, aliquet at, feugiat non, pretium quis, lectus.",18/10/2021,74,74,74
Ut at dolor quis odio consequat varius.,Morbi porttitor lorem id ligula.,07/09/2021,75,75,75
Vivamus vel nulla eget eros elementum pellentesque.,Sed sagittis.,08/12/2021,76,76,76
Phasellus id sapien in sapien iaculis congue.,Vestibulum ante ipsum primis in faucibus orci luctus et ultrices posuere cubilia Curae; Duis faucibus accumsan odio.,06/01/2022,77,77,77
Mauris lacinia sapien quis libero.,"In est risus, auctor sed, tristique in, tempus sit amet, sem.",02/04/2022,78,78,78
In sagittis dui vel nisl.,Aenean auctor gravida sem.,11/07/2021,79,79,79
Curabitur gravida nisi at nibh.,Curabitur in libero ut massa volutpat convallis.,20/10/2021,80,80,80
"Vestibulum ante ipsum primis in faucibus orci luctus et ultrices posuere cubilia Curae; Donec pharetra, magna vestibulum aliquet ultrices, erat tortor sollicitudin mi, sit amet lobortis sapien sapien non mi.","Maecenas tristique, est et tempus semper, est quam pharetra magna, ac consequat metus sapien ut nunc.",21/04/2021,81,81,81
Vestibulum ac est lacinia nisi venenatis tristique.,Nulla nisl.,17/04/2022,82,82,82
Mauris ullamcorper purus sit amet nulla.,Curabitur in libero ut massa volutpat convallis.,29/03/2022,83,83,83
"Morbi vestibulum, velit id pretium iaculis, diam erat fermentum justo, nec condimentum neque sapien placerat ante.",Cras pellentesque volutpat dui.,28/09/2021,84,84,84
"Fusce congue, diam id ornare imperdiet, sapien urna pretium nisl, ut volutpat sapien arcu sed augue.",Vestibulum sed magna at nunc commodo placerat.,10/07/2021,85,85,85
"Donec diam neque, vestibulum eget, vulputate ut, ultrices vel, augue.",Aliquam sit amet diam in magna bibendum imperdiet.,19/05/2021,86,86,86
Pellentesque viverra pede ac diam.,"In est risus, auctor sed, tristique in, tempus sit amet, sem.",27/01/2022,87,87,87
"Integer aliquet, massa id lobortis convallis, tortor risus dapibus augue, vel accumsan tellus nisi eu orci.",Ut at dolor quis odio consequat varius.,19/11/2021,88,88,88
"Cras mi pede, malesuada in, imperdiet et, commodo vulputate, justo.",Duis mattis egestas metus.,27/06/2021,89,89,89
"Quisque erat eros, viverra eget, congue eget, semper rutrum, nulla.",Integer non velit.,01/06/2021,90,90,90
Suspendisse accumsan tortor quis turpis.,"Vivamus metus arcu, adipiscing molestie, hendrerit at, vulputate vitae, nisl.",06/02/2022,91,91,91
Nam nulla.,Pellentesque at nulla.,30/07/2021,92,92,92
"Duis bibendum, felis sed interdum venenatis, turpis enim blandit mi, in porttitor pede justo eu massa.",Fusce posuere felis sed lacus.,01/11/2021,93,93,93
Sed accumsan felis.,Curabitur at ipsum ac tellus semper interdum.,02/04/2022,94,94,94
Aenean auctor gravida sem.,Aenean auctor gravida sem.,29/03/2022,95,95,95
Praesent blandit.,"Duis bibendum, felis sed interdum venenatis, turpis enim blandit mi, in porttitor pede justo eu massa.",03/05/2021,96,96,96
Aenean fermentum.,"Quisque erat eros, viverra eget, congue eget, semper rutrum, nulla.",12/11/2021,97,97,97
"Donec odio justo, sollicitudin ut, suscipit a, feugiat et, eros.",Nullam varius.,16/05/2021,98,98,98
"Quisque erat eros, viverra eget, congue eget, semper rutrum, nulla.",Suspendisse potenti.,19/12/2021,99,99,99
Suspendisse potenti.,Duis ac nibh.,19/04/2021,100,100,100
