id_asignacion_actividad,texto
1,Aenean auctor gravida sem.
2,Nulla ac enim.
3,Curabitur convallis.
4,Nulla facilisi.
5,Morbi vel lectus in quam fringilla rhoncus.
6,"Donec odio justo, sollicitudin ut, suscipit a, feugiat et, eros."
7,Duis at velit eu est congue elementum.
8,"Fusce congue, diam id ornare imperdiet, sapien urna pretium nisl, ut volutpat sapien arcu sed augue."
9,Nullam molestie nibh in lectus.
10,Duis ac nibh.
11,Pellentesque at nulla.
12,"Maecenas tristique, est et tempus semper, est quam pharetra magna, ac consequat metus sapien ut nunc."
13,Duis consequat dui nec nisi volutpat eleifend.
14,Nam dui.
15,"Proin leo odio, porttitor id, consequat in, consequat ut, nulla."
16,Pellentesque viverra pede ac diam.
17,"Fusce congue, diam id ornare imperdiet, sapien urna pretium nisl, ut volutpat sapien arcu sed augue."
18,"Donec diam neque, vestibulum eget, vulputate ut, ultrices vel, augue."
19,"Mauris enim leo, rhoncus sed, vestibulum sit amet, cursus id, turpis."
20,Vivamus vel nulla eget eros elementum pellentesque.
21,Nulla nisl.
22,Maecenas tincidunt lacus at velit.
23,Integer tincidunt ante vel ipsum.
24,Duis aliquam convallis nunc.
25,Praesent blandit.
26,Integer tincidunt ante vel ipsum.
27,In eleifend quam a odio.
28,Phasellus sit amet erat.
29,Phasellus sit amet erat.
30,Donec ut dolor.
31,"In est risus, auctor sed, tristique in, tempus sit amet, sem."
32,Morbi ut odio.
33,Morbi a ipsum.
34,Nulla tellus.
35,Mauris lacinia sapien quis libero.
36,"Nulla neque libero, convallis eget, eleifend luctus, ultricies eu, nibh."
37,"Donec odio justo, sollicitudin ut, suscipit a, feugiat et, eros."
38,Proin eu mi.
39,Maecenas rhoncus aliquam lacus.
40,Aliquam non mauris.
41,"Nullam orci pede, venenatis non, sodales sed, tincidunt eu, felis."
42,Integer non velit.
43,Praesent lectus.
44,Nulla mollis molestie lorem.
45,Nulla nisl.
46,Praesent id massa id nisl venenatis lacinia.
47,Vestibulum ante ipsum primis in faucibus orci luctus et ultrices posuere cubilia Curae; Mauris viverra diam vitae quam.
48,Integer ac neque.
49,Phasellus in felis.
50,Aenean sit amet justo.
51,In hac habitasse platea dictumst.
52,Suspendisse potenti.
53,Sed sagittis.
54,Vivamus vestibulum sagittis sapien.
55,Phasellus sit amet erat.
56,Cras in purus eu magna vulputate luctus.
57,Morbi porttitor lorem id ligula.
58,Vivamus tortor.
59,"Quisque arcu libero, rutrum ac, lobortis vel, dapibus at, diam."
60,Morbi porttitor lorem id ligula.
61,Praesent blandit.
62,In blandit ultrices enim.
63,Integer non velit.
64,Nullam molestie nibh in lectus.
65,"Mauris enim leo, rhoncus sed, vestibulum sit amet, cursus id, turpis."
66,Donec semper sapien a libero.
67,Pellentesque ultrices mattis odio.
68,"Lorem ipsum dolor sit amet, consectetuer adipiscing elit."
69,Curabitur convallis.
70,"Maecenas leo odio, condimentum id, luctus nec, molestie sed, justo."
71,Mauris ullamcorper purus sit amet nulla.
72,Vestibulum ante ipsum primis in faucibus orci luctus et ultrices posuere cubilia Curae; Duis faucibus accumsan odio.
73,Vestibulum ante ipsum primis in faucibus orci luctus et ultrices posuere cubilia Curae; Duis faucibus accumsan odio.
74,Integer ac leo.
75,Duis mattis egestas metus.
76,Donec ut dolor.
77,Mauris lacinia sapien quis libero.
78,Cras in purus eu magna vulputate luctus.
79,"Fusce lacus purus, aliquet at, feugiat non, pretium quis, lectus."
80,Fusce posuere felis sed lacus.
81,Nulla suscipit ligula in lacus.
82,Quisque ut erat.
83,Vestibulum ac est lacinia nisi venenatis tristique.
84,In hac habitasse platea dictumst.
85,Etiam justo.
86,"Quisque erat eros, viverra eget, congue eget, semper rutrum, nulla."
87,Vivamus vel nulla eget eros elementum pellentesque.
88,Nam nulla.
89,Quisque porta volutpat erat.
90,"Donec diam neque, vestibulum eget, vulputate ut, ultrices vel, augue."
91,Aliquam erat volutpat.
92,Duis aliquam convallis nunc.
93,Donec vitae nisi.
94,In hac habitasse platea dictumst.
95,"Fusce lacus purus, aliquet at, feugiat non, pretium quis, lectus."
96,Vestibulum rutrum rutrum neque.
97,"Fusce lacus purus, aliquet at, feugiat non, pretium quis, lectus."
98,Duis aliquam convallis nunc.
99,Suspendisse potenti.
100,Duis consequat dui nec nisi volutpat eleifend.
