id_publicacion,descripcion,fecha,id_clase
1,Cras pellentesque volutpat dui.,2021-05-05 10:49:35,43
2,"Donec odio justo, sollicitudin ut, suscipit a, feugiat et, eros.",2021-07-17 21:15:50,20
3,Nulla nisl.,2021-11-06 00:24:48,68
4,Nulla tellus.,2022-01-16 06:53:45,11
5,"Quisque arcu libero, rutrum ac, lobortis vel, dapibus at, diam.",2022-01-09 14:00:06,86
6,Etiam vel augue.,2021-06-06 03:59:56,16
7,"Fusce congue, diam id ornare imperdiet, sapien urna pretium nisl, ut volutpat sapien arcu sed augue.",2021-08-25 01:00:20,26
8,"Proin leo odio, porttitor id, consequat in, consequat ut, nulla.",2021-11-15 03:28:45,50
9,Vestibulum ante ipsum primis in faucibus orci luctus et ultrices posuere cubilia Curae; Nulla dapibus dolor vel est.,2022-01-01 04:39:38,35
10,In congue.,2021-12-03 15:30:30,98
11,Cras pellentesque volutpat dui.,2021-12-06 17:06:35,95
12,Sed accumsan felis.,2021-12-06 23:23:52,23
13,Nulla suscipit ligula in lacus.,2022-03-19 07:15:11,89
14,In hac habitasse platea dictumst.,2021-06-07 11:16:20,28
15,Donec ut mauris eget massa tempor convallis.,2021-07-23 10:02:18,27
16,Donec dapibus.,2021-05-17 13:35:10,73
17,Suspendisse accumsan tortor quis turpis.,2021-10-18 10:38:13,47
18,Donec quis orci eget orci vehicula condimentum.,2021-05-28 04:56:25,71
19,Suspendisse accumsan tortor quis turpis.,2021-11-30 06:43:50,49
20,Morbi non lectus.,2021-10-24 18:20:02,39
21,Vestibulum rutrum rutrum neque.,2021-10-30 04:21:08,44
22,Suspendisse potenti.,2022-04-09 15:38:10,18
23,Nunc nisl.,2022-03-18 22:57:29,83
24,"Morbi sem mauris, laoreet ut, rhoncus aliquet, pulvinar sed, nisl.",2021-09-11 20:17:34,12
25,Donec ut mauris eget massa tempor convallis.,2021-09-30 23:20:25,40
26,In hac habitasse platea dictumst.,2021-11-05 04:48:28,67
27,In hac habitasse platea dictumst.,2021-07-20 12:44:43,92
28,Aliquam non mauris.,2021-08-12 00:57:33,30
29,Vestibulum rutrum rutrum neque.,2022-01-28 16:16:58,37
30,Duis at velit eu est congue elementum.,2021-08-26 20:08:18,34
31,In congue.,2021-10-20 22:19:32,36
32,Donec vitae nisi.,2021-08-07 16:50:16,5
33,Suspendisse accumsan tortor quis turpis.,2022-04-05 08:59:56,75
34,Aliquam non mauris.,2022-03-10 16:32:23,9
35,Pellentesque eget nunc.,2021-06-04 00:33:49,45
36,Morbi non lectus.,2021-09-01 21:58:22,33
37,"Fusce congue, diam id ornare imperdiet, sapien urna pretium nisl, ut volutpat sapien arcu sed augue.",2021-10-26 16:20:27,93
38,Nulla justo.,2022-02-20 11:55:54,6
39,"Integer aliquet, massa id lobortis convallis, tortor risus dapibus augue, vel accumsan tellus nisi eu orci.",2022-03-01 08:47:11,51
40,"Vivamus metus arcu, adipiscing molestie, hendrerit at, vulputate vitae, nisl.",2022-01-15 06:28:31,56
41,Duis consequat dui nec nisi volutpat eleifend.,2021-12-29 22:44:54,4
42,Proin eu mi.,2021-08-29 15:23:38,7
43,"Duis bibendum, felis sed interdum venenatis, turpis enim blandit mi, in porttitor pede justo eu massa.",2021-11-17 09:17:27,87
44,Etiam vel augue.,2022-03-19 18:11:11,94
45,Donec quis orci eget orci vehicula condimentum.,2021-08-26 16:21:08,74
46,Aliquam non mauris.,2021-10-30 15:23:24,82
47,Cras non velit nec nisi vulputate nonummy.,2021-09-25 02:28:08,65
48,"Integer aliquet, massa id lobortis convallis, tortor risus dapibus augue, vel accumsan tellus nisi eu orci.",2021-04-21 23:11:17,42
49,Cras non velit nec nisi vulputate nonummy.,2021-04-30 05:46:08,64
50,"Maecenas leo odio, condimentum id, luctus nec, molestie sed, justo.",2021-11-06 17:28:30,48
51,Donec posuere metus vitae ipsum.,2022-03-08 02:29:04,80
52,Quisque id justo sit amet sapien dignissim vestibulum.,2022-01-30 01:39:36,31
53,Sed sagittis.,2021-11-10 02:01:22,21
54,Cras non velit nec nisi vulputate nonummy.,2021-11-14 08:05:00,61
55,Nulla ac enim.,2021-05-18 17:25:00,100
56,Aenean fermentum.,2021-07-04 22:10:13,53
57,Nam tristique tortor eu pede.,2022-02-25 11:33:59,46
58,Proin at turpis a pede posuere nonummy.,2021-10-27 12:41:51,38
59,Aenean fermentum.,2021-08-12 16:17:46,22
60,Nulla tempus.,2022-03-20 06:43:18,2
61,Nulla facilisi.,2022-04-12 15:10:27,8
62,Morbi non quam nec dui luctus rutrum.,2022-01-10 17:35:28,97
63,Phasellus sit amet erat.,2021-08-11 08:49:11,60
64,"Cum sociis natoque penatibus et magnis dis parturient montes, nascetur ridiculus mus.",2022-01-06 02:38:17,79
65,Quisque ut erat.,2021-05-24 18:00:20,17
66,"Fusce lacus purus, aliquet at, feugiat non, pretium quis, lectus.",2021-12-18 03:48:27,63
67,Morbi vel lectus in quam fringilla rhoncus.,2021-07-17 06:07:27,55
68,Phasellus sit amet erat.,2021-11-26 08:10:02,91
69,Donec posuere metus vitae ipsum.,2021-04-27 15:47:19,10
70,Etiam vel augue.,2021-12-25 16:15:53,3
71,Morbi ut odio.,2021-10-19 05:26:44,59
72,"Morbi vestibulum, velit id pretium iaculis, diam erat fermentum justo, nec condimentum neque sapien placerat ante.",2022-03-02 06:14:57,72
73,Proin at turpis a pede posuere nonummy.,2021-10-10 11:19:39,14
74,Aliquam sit amet diam in magna bibendum imperdiet.,2021-05-15 21:42:18,25
75,Duis ac nibh.,2021-12-18 10:45:14,57
76,Cras pellentesque volutpat dui.,2021-11-08 11:38:34,77
77,"Lorem ipsum dolor sit amet, consectetuer adipiscing elit.",2021-06-10 06:53:47,66
78,"Morbi sem mauris, laoreet ut, rhoncus aliquet, pulvinar sed, nisl.",2021-05-14 21:55:16,96
79,Cras non velit nec nisi vulputate nonummy.,2021-11-27 05:46:30,41
80,Nullam varius.,2022-02-08 15:49:15,29
81,Aliquam sit amet diam in magna bibendum imperdiet.,2022-02-20 11:19:12,32
82,Nulla mollis molestie lorem.,2021-12-01 06:33:16,58
83,Ut at dolor quis odio consequat varius.,2022-03-12 05:04:08,76
84,Nunc purus.,2021-08-10 06:21:11,54
85,Duis at velit eu est congue elementum.,2021-06-27 04:27:50,52
86,Donec ut mauris eget massa tempor convallis.,2021-12-16 07:02:17,88
87,Ut at dolor quis odio consequat varius.,2021-08-02 18:46:44,19
88,"Fusce lacus purus, aliquet at, feugiat non, pretium quis, lectus.",2021-08-19 23:39:34,84
89,"Nullam orci pede, venenatis non, sodales sed, tincidunt eu, felis.",2021-05-09 00:04:08,90
90,Proin at turpis a pede posuere nonummy.,2021-10-04 19:07:57,99
91,Vestibulum ac est lacinia nisi venenatis tristique.,2022-04-15 19:00:31,1
92,Vestibulum ac est lacinia nisi venenatis tristique.,2022-01-12 04:40:02,15
93,"Nullam orci pede, venenatis non, sodales sed, tincidunt eu, felis.",2022-01-07 00:18:54,81
94,Duis ac nibh.,2021-05-19 03:03:22,13
95,In sagittis dui vel nisl.,2021-09-26 07:26:24,70
96,Pellentesque at nulla.,2021-06-07 20:45:44,62
97,"Cum sociis natoque penatibus et magnis dis parturient montes, nascetur ridiculus mus.",2021-09-05 17:28:03,24
98,In sagittis dui vel nisl.,2021-07-12 08:31:02,78
99,Nulla justo.,2021-09-11 08:25:55,69
100,Nulla tellus.,2022-01-24 09:57:04,52
